consulta,categoria
"No puedo iniciar sesión",Acceso
"Olvidé mi contraseña",Acceso
"Internet muy lento",Red
"No funciona el correo",Correo
"No imprime la impresora",Hardware
"Pantalla azul al iniciar",Hardware
"VPN no conecta",Red
"Outlook no abre",Correo
"Servidor principal caído",Infraestructura
"No puedo acceder al sistema ERP",Software
"Equipo extremadamente lento",Hardware
"Error de autenticación MFA",Acceso
"Malware detectado en el equipo",Seguridad
"Antivirus desactualizado",Seguridad
"Aplicación corporativa no responde",Software
"Wifi corporativo intermitente",Red
"Usuario bloqueado",Acceso
"Error al enviar correos",Correo
